,date,states,totalTestResults,totalTestResultsIncrease,positive,positiveIncrease,negative,negativeIncrease,hospitalizedCurrently,hospitalizedCumulative,inIcuCurrently,onVentilatorCurrently,onVentilatorCumulative,death,deathIncrease
0,2021-03-07,56,363789451,1156241,28755524,41265,74579770,130414,40212,878613,8137,2801,4281,515142,839
1,2021-03-06,56,362633210,1409138,28714259,59620,74449356,142201,41401,877887,8409,2811,4280,514303,1674
2,2021-03-05,56,361224072,1744417,28654639,68787,74307155,271917,42541,877384,8634,2889,4275,512629,2221
3,2021-03-04,56,359479655,1590984,28585852,65487,74035238,177957,44172,874603,8970,2973,4267,510408,1743
4,2021-03-03,56,357888671,1406795,28520365,66836,73857281,267001,45462,873073,9359,3094,4260,508665,2449
5,2021-03-02,56,356481876,1343519,28453529,54248,73590280,255779,46388,870901,9465,3169,4257,506216,1728
6,2021-03-01,56,355138357,1154440,28399281,48092,73334501,118077,46738,869030,9595,3171,4252,504488,1241
7,2021-02-28,56,353983917,1408422,28351189,54349,73216424,203599,47352,868006,9802,3245,4252,503247,1051
8,2021-02-27,56,352575495,1655179,28296840,71245,73012825,205090,48871,867127,10114,3335,4252,502196,1847
9,2021-02-26,56,350920316,1803309,28225595,74857,72807735,276829,51112,865699,10466,3466,4247,500349,2141
10,2021-02-25,56,349117007,1826144,28150738,75565,72530906,272209,52669,863766,10846,3567,4233,498208,3138
11,2021-02-24,56,347290863,1450666,28075173,73258,72258697,245318,54118,861784,11026,3685,4227,495070,2447
12,2021-02-23,56,345840197,1193835,28001915,69105,72013379,225267,55058,859612,11272,3755,4214,492623,2241
13,2021-02-22,56,344646362,1201247,27932810,52530,71788112,123611,55403,857448,11536,3804,4200,490382,1235
14,2021-02-21,56,343445115,1232995,27880280,58702,71664501,156778,56159,856143,11862,3915,4197,489147,1287
15,2021-02-20,56,342212120,1290481,27821578,72354,71507723,141790,58222,855146,12120,3932,4197,487860,2160
16,2021-02-19,56,340921639,1878033,27749224,74676,71365933,224755,59882,853414,12491,4118,4187,485700,2477
17,2021-02-18,56,339043606,1345849,27674548,66824,71141178,218491,62300,850740,13045,4180,4178,483223,2616
18,2021-02-17,56,337697757,1298421,27607724,66839,70922687,233666,63405,848243,13103,4271,4154,480607,2348
19,2021-02-16,56,336399336,1053698,27540885,56312,70689021,101102,64533,845386,13616,4406,4149,478259,1353
20,2021-02-15,56,335345638,1123560,27484573,55077,70587919,143388,65455,843292,13799,4454,4143,476906,1078
21,2021-02-14,56,334222078,1439631,27429496,72164,70444531,171877,67023,842162,14047,4538,4141,475828,1366
22,2021-02-13,56,332782447,1757608,27357332,90642,70272654,234293,69283,840926,14396,4648,4140,474462,3467
23,2021-02-12,56,331024839,1812454,27266690,101030,70038361,255983,71497,839121,14775,4849,4126,470995,5427
24,2021-02-11,56,329212385,1855929,27165660,102417,69782378,260124,74225,836774,15190,4970,4113,465568,3873
25,2021-02-10,56,327356456,1382709,27063243,95194,69522254,155861,76979,834314,15788,5121,4106,461695,3445
26,2021-02-09,56,325973747,1488481,26968049,92986,69366393,337168,79179,831088,16129,5216,4092,458250,2795
27,2021-02-08,56,324485266,1400009,26875063,77737,69029225,142156,80055,827944,16174,5260,4080,455455,1309
28,2021-02-07,56,323085257,1498808,26797326,95994,68887069,208303,81439,826306,16616,5342,4079,454146,1475
29,2021-02-06,56,321586449,1888854,26701332,114557,68678766,282477,84233,824763,17093,5475,4078,452671,2994
30,2021-02-05,56,319697595,1868496,26586775,131146,68396289,270754,86373,822320,17284,5596,4060,449677,3543
31,2021-02-04,56,317829099,1663995,26455629,123907,68125535,217496,88668,819380,17918,5732,4059,446134,5212
32,2021-02-03,56,316165104,1384881,26331722,116960,67908039,224499,91440,815978,18147,5920,4044,440922,3685
33,2021-02-02,56,314780223,1385595,26214762,117616,67683540,167082,92880,812003,18388,6047,4035,437237,3486
34,2021-02-01,56,313394628,1507545,26097146,120200,67516458,344975,93536,808718,18572,6086,4025,433751,1562
35,2021-01-31,56,311887083,1725724,25976946,119367,67171483,224593,95013,806952,18968,6291,4019,432189,2059
36,2021-01-30,56,310161359,2139579,25857579,148824,66946890,232299,97561,804781,19130,6329,4016,430130,2982
37,2021-01-29,56,308021780,1955101,25708755,167111,66714591,284168,101003,801634,19609,6483,4011,427148,3503
38,2021-01-28,56,306066679,1936761,25541644,157306,66430423,269667,104303,798799,20113,6642,4000,423645,4011
39,2021-01-27,56,304129918,1626393,25384338,153985,66160756,244553,107444,795299,20497,6806,3985,419634,4077
40,2021-01-26,56,302503525,1733799,25230353,146448,65916203,377450,108960,791165,20573,6832,3976,415557,3734
41,2021-01-25,56,300769726,1630391,25083905,133454,65538753,217006,109936,787460,20875,6857,3949,411823,1593
42,2021-01-24,56,299139335,1792892,24950451,144234,65321747,223447,110628,784945,21168,6989,3943,410230,1944
43,2021-01-23,56,297346443,1990072,24806217,177118,65098300,274547,113609,783036,21657,7110,3941,408286,3591
44,2021-01-22,56,295356371,2022028,24629099,190915,64823753,284392,116264,776384,22008,7236,3919,404695,3980
45,2021-01-21,56,293334343,1922155,24438184,186275,64539361,256168,119949,772059,22309,7370,3910,400715,3878
46,2021-01-20,56,291412188,1821802,24251909,189203,64283193,312902,122700,768006,22809,7564,3897,396837,4409
47,2021-01-19,56,289590386,1637938,24062706,146626,63970291,370922,123820,762901,23029,7688,3883,392428,2141
48,2021-01-18,56,287952448,1771268,23916080,150792,63599369,192825,123848,759695,23226,7772,3865,390287,1395
49,2021-01-17,56,286181180,1916756,23765288,187218,63406544,277842,124387,756856,23432,7797,3860,388892,2053
50,2021-01-16,56,284264424,2116224,23578070,218085,63128702,226342,126139,754689,23524,7755,3858,386839,3709
51,2021-01-15,56,282148200,2309884,23359985,246454,62902360,410997,127235,750650,23593,7772,3845,383130,3679
52,2021-01-14,56,279838316,2048899,23113531,225616,62491363,305894,128947,746650,23891,7878,3829,379451,3915
53,2021-01-13,56,277789417,1827396,22887915,224491,62185469,237885,130391,742858,23857,7902,3811,375536,4087
54,2021-01-12,56,275962021,1944234,22663424,218020,61947584,428795,131326,737546,23881,7879,3796,371449,4064
55,2021-01-11,56,274017787,1695767,22445404,195255,61518789,225808,129793,732889,23501,7786,3773,367385,1733
56,2021-01-10,56,272322020,2051661,22250149,228732,61292981,270382,129223,729844,23640,7878,3771,365652,2068
57,2021-01-09,56,270270359,2137700,22021417,269368,61022599,290183,130781,727431,23718,7791,3767,363584,3537
58,2021-01-08,56,268132659,2146223,21752049,295121,60732416,320284,131921,720748,23912,7908,3756,360047,3780
59,2021-01-07,56,265986436,1928262,21456928,272043,60412132,246578,132370,716043,23821,7900,3748,356267,4079
60,2021-01-06,56,264058174,1650493,21184885,250184,60165554,263088,132474,710731,23708,7946,3739,352188,3902
61,2021-01-05,56,262407681,1721007,20934701,219075,59902466,480256,131195,704124,23509,7976,3718,348286,3484
62,2021-01-04,56,260686674,1512611,20715626,179571,59422210,148614,128210,699834,23435,7930,3692,344802,1547
63,2021-01-03,56,259174063,1444257,20536055,208457,59273596,215583,125562,695942,23243,7939,3688,343255,1455
64,2021-01-02,56,257729806,1934350,20327598,280318,59058013,221792,123614,693716,23133,7910,3684,341800,2406
65,2021-01-01,56,255795456,1545537,20047280,182906,58836221,192048,125047,690665,23255,7990,3681,339394,2592
66,2020-12-31,56,254249919,1797220,19864374,226246,58644173,262855,125423,686115,23097,8004,3672,336802,3297
67,2020-12-30,56,252452699,1583713,19638128,229496,58381318,215107,125220,681767,23069,7930,3653,333505,3900
68,2020-12-29,56,250868986,1343514,19408632,199679,58166211,201698,124686,676253,22838,7885,3635,329605,3289
69,2020-12-28,56,249525472,1332122,19208953,164127,57964513,309721,121202,670992,22579,7948,3612,326316,1490
70,2020-12-27,56,248193350,1395240,19044826,153540,57654792,204288,118720,667269,22447,7878,3604,324826,1397
71,2020-12-26,56,246798110,1974298,18891286,190594,57450504,214555,117344,664967,22373,7809,3593,323429,1426
72,2020-12-25,56,244823812,1568040,18700692,126796,57235949,170690,118948,662675,22418,7831,3592,322003,1553
73,2020-12-24,56,243255772,2031894,18573896,206684,57065259,322117,120200,660628,22623,7792,3587,320450,2958
74,2020-12-23,56,241223878,1791481,18367212,224526,56743142,304962,119463,656339,22489,7819,3579,317492,3393
75,2020-12-22,56,239432397,1770133,18142686,193008,56438180,268046,117777,651544,22213,7830,3554,314099,3137
76,2020-12-21,56,237662264,1974590,17949678,179406,56170134,439796,115358,646977,21884,7783,3539,310962,1480
77,2020-12-20,56,235687674,1821629,17770272,197494,55730338,249266,113601,643866,21763,7695,3530,309482,1668
78,2020-12-19,56,233866045,1859539,17572778,204873,55481072,200763,113914,641484,21692,7786,3529,307814,2708
79,2020-12-18,56,232006506,2193466,17367905,241786,55280309,450795,113955,638055,21745,7786,3519,305106,2866
80,2020-12-17,56,229813040,1912697,17126119,242970,54829514,246432,114492,632841,21912,7848,3504,302240,3465
81,2020-12-16,56,227900343,1839996,16883149,234288,54583082,303846,113257,627674,21943,7782,3488,298775,3453
82,2020-12-15,56,226060347,1833138,16648861,193218,54279236,316712,112816,622898,21897,7702,3460,295322,2924
83,2020-12-14,56,224227209,2010951,16455643,193286,53962524,456078,110573,618468,21458,7699,3442,292398,1357
84,2020-12-13,56,222216258,1827310,16262357,187251,53506446,299810,109298,615007,21230,7535,3432,291041,1501
85,2020-12-12,56,220388948,1919896,16075106,226904,53206636,226203,108461,612693,21198,7515,3430,289540,2497
86,2020-12-11,56,218469052,1969509,15848202,236933,52980433,350441,108101,608904,21012,7488,3424,287043,2747
87,2020-12-10,56,216499543,1967578,15611269,220846,52629992,311589,107300,603493,21024,7444,3394,284296,3132
88,2020-12-09,56,214531965,1832545,15390423,216728,52318403,378319,106671,599043,20903,7621,3376,281164,3169
89,2020-12-08,56,212699420,1690914,15173695,217844,51940084,292335,104637,593743,20475,7251,3359,277995,2680
90,2020-12-07,56,211008506,1653269,14955851,181897,51647749,269111,102122,589333,20097,7067,3328,275315,1291
91,2020-12-06,56,209355237,1675779,14773954,182580,51378638,299691,101501,585872,20145,7095,3322,274024,1163
92,2020-12-05,56,207679458,2302086,14591374,219070,51078947,356778,101192,583561,19947,7006,3321,272861,2486
93,2020-12-04,56,205377372,1918739,14372304,230313,50722169,310395,101309,580048,19853,6992,3305,270375,2563
94,2020-12-03,56,203458633,1904020,14141991,216271,50411774,306223,100746,575394,19714,6871,3280,267812,2822
95,2020-12-02,56,201554613,1587969,13925720,203429,50105551,-658774,100327,570025,19687,6855,3252,264990,2811
96,2020-12-01,56,199966644,1494046,13722291,181183,50764325,263699,98736,564787,19292,6643,3223,262179,2489
97,2020-11-30,56,198472598,1520240,13541108,150031,50500626,344231,96134,559871,18807,6520,3205,259690,1037
98,2020-11-29,56,196952358,1337135,13391077,137254,50156395,226788,93357,556477,18437,6245,3184,258653,825
99,2020-11-28,56,195615223,1675224,13253823,151469,49929607,324413,91762,554048,18249,6148,3179,257828,1243
100,2020-11-27,56,193939999,1970528,13102354,198874,49605194,384580,89913,550563,18056,6028,3171,256585,1404
101,2020-11-26,56,191969471,1467611,12903480,129764,49220614,179941,90564,547145,18019,5986,3153,255181,1392
102,2020-11-25,56,190501860,1881059,12773716,188496,49040673,394165,90043,544812,17738,5987,3147,253789,2281
103,2020-11-24,56,188620801,1873837,12585220,166503,48646508,360586,88132,540274,17317,5626,3123,251508,2091
104,2020-11-23,56,186746964,1671011,12418717,154696,48285922,331207,85945,535589,17060,5455,3106,249417,853
105,2020-11-22,56,185075953,1818793,12264021,154188,47954715,373855,83882,532754,16411,5233,3094,248564,923
106,2020-11-21,56,183257160,2140465,12109833,186385,47580860,376533,83346,530463,16264,5103,3087,247641,1551
107,2020-11-20,56,181116695,2004886,11923448,197164,47204327,448167,82318,527088,16146,5058,3078,246090,1910
108,2020-11-19,56,179111809,1845354,11726284,187932,46756160,324389,80669,523185,15759,4860,3052,244180,2010
109,2020-11-18,56,177266455,1701006,11538352,168220,46431771,346915,79478,518729,15557,4699,3024,242170,1885
110,2020-11-17,56,175565449,1634272,11370132,159826,46084856,300498,77047,514377,15009,4379,3004,240285,1553
111,2020-11-16,56,173931177,1484630,11210306,149977,45784358,249458,73320,510490,14471,4156,2988,238732,607
112,2020-11-15,56,172446547,1626437,11060329,147062,45534900,400351,70202,507583,13849,3939,2975,238125,712
113,2020-11-14,56,170820110,1785889,10913267,167726,45134549,300446,69588,505715,13491,3945,2972,237413,1353
114,2020-11-13,56,169034221,1742559,10745541,174633,44834103,331974,68585,502247,13280,3766,2967,236060,1301
115,2020-11-12,56,167291662,1607551,10570908,157542,44502129,271550,67236,498574,12917,3622,2954,234759,1112
116,2020-11-11,56,165684111,1503560,10413366,149333,44230579,283243,65549,495012,12626,3365,2947,233647,1577
117,2020-11-10,56,164180551,1386936,10264033,135569,43947336,203377,62119,491731,12057,3202,2922,232070,1358
118,2020-11-09,56,162793615,1314380,10128464,118403,43743959,283666,59342,487661,11636,3111,2907,230712,577
119,2020-11-08,56,161479235,1266058,10010061,112445,43460293,239635,56942,485485,11223,2977,2900,230135,513
120,2020-11-07,56,160213177,1546164,9897616,132113,43220658,357869,56037,484018,11215,2947,2898,229622,1125
121,2020-11-06,56,158667013,1772955,9765503,129990,42862789,314445,55005,481677,11213,2850,2885,228497,1185
122,2020-11-05,56,156894058,1561062,9635513,119023,42548344,302427,53380,478556,11050,2876,2872,227312,1154
123,2020-11-04,56,155332996,1318451,9516490,105996,42245917,202598,52166,476003,10892,2832,2853,226158,1131
124,2020-11-03,56,154014545,1269152,9410494,119949,42043319,255848,50509,472896,10538,2734,2833,225027,1517
125,2020-11-02,56,152745393,1238898,9290545,83454,41787471,283444,48750,469761,9957,2633,2809,223510,475
126,2020-11-01,56,151506495,1160138,9207091,141973,41504027,228603,47615,468362,9665,2553,2797,223035,410
127,2020-10-31,56,150346357,1473444,9065118,91294,41275424,325765,47486,467196,9613,2502,2786,222625,958
128,2020-10-30,56,148872913,1423126,8973824,97942,40949659,206695,46880,465080,9550,2477,2776,221667,947
129,2020-10-29,56,147449787,1453174,8875882,89365,40742964,317094,46191,462677,9320,2399,2760,220720,1060
130,2020-10-28,56,145996613,1150428,8786517,79700,40425870,265933,45214,460356,9133,2354,2744,219660,1047
131,2020-10-27,56,144846185,1150455,8706817,72255,40159937,220640,44391,457895,8985,2283,2719,218613,922
132,2020-10-26,56,143695730,1131572,8634562,63430,39939297,268034,42988,455605,8946,2300,2703,217691,397
133,2020-10-25,56,142564158,1222362,8571132,64471,39671263,268680,41883,453908,8590,2176,2693,217294,391
134,2020-10-24,56,141341796,1370239,8506661,83792,39402583,259771,42087,452832,8675,2230,2691,216903,896
135,2020-10-23,56,139971557,1444382,8422869,82575,39142812,304853,41614,451010,8342,2180,2679,216007,949
136,2020-10-22,56,138527175,1305768,8340294,73419,38837959,301777,41114,435952,8180,2147,2641,215058,1117
137,2020-10-21,56,137221407,1055928,8266875,61710,38536182,201552,40397,433447,8291,2083,2622,213941,1028
138,2020-10-20,56,136165479,1034354,8205165,60574,38334630,201519,39391,431324,8206,2042,2593,212913,833
139,2020-10-19,56,135131125,1100768,8144591,57650,38133111,347469,37976,429015,8063,1804,2577,212080,443
140,2020-10-18,56,134030357,1074271,8086941,47957,37785642,193978,36536,427410,7383,1762,2557,211637,405
141,2020-10-17,56,132956086,1329098,8038984,57675,37591664,260557,37474,426597,7466,1791,2553,211232,780
142,2020-10-16,56,131626988,1247307,7981309,68505,37331107,272444,37479,425051,7333,1740,2547,210452,891
143,2020-10-15,56,130379681,1182695,7912804,63641,37058663,263255,37423,423185,7303,1773,2531,209561,928
144,2020-10-14,56,129196986,1114421,7849163,57240,36795408,144110,37184,421175,7236,1775,2516,208633,801
145,2020-10-13,56,128082565,1090310,7791923,46979,36651298,212674,36171,418738,7104,1757,2485,207832,718
146,2020-10-12,56,126992255,950118,7744944,43234,36438624,212125,35148,416680,6860,1663,2464,207114,285
147,2020-10-11,56,126042137,1101794,7701710,46672,36226499,219640,34609,415574,6749,1646,2454,206829,471
148,2020-10-10,56,124940343,1304994,7655038,57635,36006859,298554,34700,414593,6752,1667,2451,206358,691
149,2020-10-09,56,123635349,1270461,7597403,56993,35708305,280432,34974,413107,6775,1651,2437,205667,913
150,2020-10-08,56,122364888,1225426,7540410,55308,35427873,6923,34446,411372,6694,1638,2427,204754,979
151,2020-10-07,56,121139462,1081509,7485102,51216,35420950,232274,33565,409238,6591,1650,2410,203775,929
152,2020-10-06,56,120057953,954557,7433886,38846,35188676,185103,32726,407100,6490,1609,2388,202846,613
153,2020-10-05,56,119103396,937566,7395040,37752,35003573,243549,31426,407852,6292,1514,2370,202233,331
154,2020-10-04,56,118165830,1026748,7357288,38165,34760024,298235,30063,406405,6056,1485,2362,201902,380
155,2020-10-03,56,117139082,1126528,7319123,50874,34461789,182570,30209,405742,6073,1501,2358,201522,738
156,2020-10-02,56,116012554,1216123,7268249,49427,34279219,311588,30880,404654,6195,1534,2348,200784,842
157,2020-10-01,56,114796431,1016972,7218822,45720,33967631,214834,30942,403211,6262,1543,2334,199942,862
158,2020-09-30,56,113779459,976422,7173102,44909,33752797,226976,31021,401454,6241,1510,2319,199080,1064
159,2020-09-29,56,112803037,992038,7128193,36766,33525821,203930,30601,399836,6172,1497,2298,198016,724
160,2020-09-28,56,111810999,991825,7091427,35376,33321891,258394,29696,398163,6048,1513,2285,197292,246
161,2020-09-27,56,110819174,932751,7056051,34990,33063497,193116,29579,396982,6170,1511,2277,197046,310
162,2020-09-26,56,109886423,1141392,7021061,47268,32870381,277523,29670,396369,6143,1509,2272,196736,873
163,2020-09-25,56,108745031,1151382,6973793,55237,32592858,273712,29888,395144,6220,1508,2264,195863,847
164,2020-09-24,56,107593649,1010190,6918556,43341,32319146,254550,30159,393822,6274,1560,2177,195016,938
165,2020-09-23,56,106583459,1013367,6875215,39498,32064596,223960,30015,392338,6200,1545,2154,194078,1156
166,2020-09-22,56,105570092,917213,6835717,48986,31840636,258099,29645,390884,6188,1558,2130,192922,859
167,2020-09-21,56,104652879,750351,6786731,39162,31582537,146752,28849,389350,6138,1570,2116,192063,281
168,2020-09-20,56,103902528,994272,6747569,35533,31435785,265956,28724,388286,6100,1595,2112,191782,327
169,2020-09-19,56,102908256,1169942,6712036,45668,31169829,279068,29185,387761,6163,1577,2111,191455,747
170,2020-09-18,56,101738314,1094695,6666368,46889,30890761,277046,29651,386710,6175,1608,2107,190708,901
171,2020-09-17,56,100643619,990095,6619479,43642,30613715,245451,30035,385287,6285,1662,2092,189807,880
172,2020-09-16,56,99653524,839956,6575837,40319,30368264,182360,30345,383738,6303,1647,2090,188927,1190
173,2020-09-15,56,98813568,852734,6535518,34778,30185904,216815,30427,382277,6308,1574,2071,187737,1034
174,2020-09-14,56,97960834,821093,6500740,33572,29969089,198825,30071,380793,6249,1513,2061,186703,407
175,2020-09-13,56,97139741,792700,6467168,34579,29770264,226347,29921,379881,6233,1562,2056,186296,392
176,2020-09-12,56,96347041,1020760,6432589,41850,29543917,227638,30758,379336,6451,1619,2051,185904,817
177,2020-09-11,56,95326281,937575,6390739,44698,29316279,244892,31530,378191,6376,1716,2031,185087,1015
178,2020-09-10,56,94388706,821387,6346041,37409,29071387,197077,32521,376681,6522,1923,2008,184072,1161
179,2020-09-09,56,93567319,751002,6308632,30733,28874310,191966,32653,375183,6659,1906,1994,182911,1088
180,2020-09-08,56,92816317,546859,6277899,22310,28682344,123290,32339,373213,6543,1881,1975,181823,347
181,2020-09-07,56,92269458,670866,6255589,28117,28559054,191875,32116,372279,6630,1879,1967,181476,227
182,2020-09-06,56,91598592,764565,6227472,33033,28367179,206134,32497,371805,6700,1912,1960,181249,452
183,2020-09-05,56,90834027,993565,6194439,44860,28161045,218536,33626,371306,6766,1956,1956,180797,926
184,2020-09-04,56,89840462,1089037,6149579,51600,27942509,256511,34177,370133,6922,1998,1943,179871,999
185,2020-09-03,56,88751425,909820,6097979,44643,27685998,227081,34753,368884,6923,2038,1928,178872,1072
186,2020-09-02,56,87841605,796145,6053336,30655,27458917,211097,35660,367396,7091,2027,1918,177800,1035
187,2020-09-01,56,87045460,796530,6022681,42242,27247820,179210,35338,365875,7084,2041,1902,176765,1014
188,2020-08-31,56,86248930,680649,5980439,31720,27068610,180728,35453,364008,7047,2075,1877,175751,380
189,2020-08-30,56,85568281,823350,5948719,38766,26887882,220802,35801,363298,7268,2055,1870,175371,477
190,2020-08-29,56,84744931,947087,5909953,43995,26667080,257166,36516,362636,7413,2062,1864,174894,1017
191,2020-08-28,56,83797844,938465,5865958,46115,26409914,224635,37356,361337,7564,2087,1856,173877,1020
192,2020-08-27,56,82859379,857577,5819843,44111,26185279,243599,37498,359695,7712,2128,1831,172857,1128
193,2020-08-26,56,82001802,772668,5775732,44331,25941680,216584,38515,358041,7742,2143,1809,171729,1300
194,2020-08-25,56,81229134,743872,5731401,36839,25725096,224504,38831,356237,7854,2161,1789,170429,1140
195,2020-08-24,56,80485262,714951,5694562,34543,25500592,219639,38806,354249,7854,2112,1764,169289,341
196,2020-08-23,56,79770311,725718,5660019,37900,25280953,128482,39064,353218,7949,2131,1737,168948,577
197,2020-08-22,56,79044593,908182,5622119,46054,25152471,229726,40017,352520,8207,2204,1736,168371,1035
198,2020-08-21,56,78136411,915434,5576065,46456,24922745,251599,41049,350917,8358,2288,1730,167336,1119
199,2020-08-20,56,77220977,864210,5529609,43844,24671146,208472,42109,349134,8486,2330,1716,166217,1129
200,2020-08-19,56,76356767,832115,5485765,45073,24462674,243232,43406,347151,8747,2375,1705,165088,1411
201,2020-08-18,56,75524652,771994,5440692,40070,24219442,205817,43840,345168,8859,2467,1695,163677,1179
202,2020-08-17,56,74752658,702582,5400622,37751,24013625,186974,43614,342907,8881,2444,1678,162498,411
203,2020-08-16,56,74050076,785200,5362871,42503,23826651,258191,44155,341683,8958,2481,1665,162087,617
204,2020-08-15,56,73264876,893080,5320368,56046,23568460,249234,44922,340998,9087,2526,1663,161470,1227
205,2020-08-14,56,72371796,990725,5264322,57101,23319226,309137,45868,339107,9277,2555,1665,160243,1226
206,2020-08-13,56,71381071,954412,5207221,51763,23010089,256634,47303,336966,9480,2574,1649,159017,1163
207,2020-08-12,56,70426659,813796,5155458,56186,22753455,235552,48067,334291,9564,2602,1629,157854,1517
208,2020-08-11,56,69612863,845183,5099272,54935,22517903,230600,48600,331320,9135,2422,1612,156337,1320
209,2020-08-10,56,68767680,741379,5044337,41370,22287303,210324,48751,328696,9209,2529,1592,155017,430
210,2020-08-09,56,68026301,803537,5002967,50766,22076979,260584,48997,327142,9307,2507,1578,154587,621
211,2020-08-08,56,67222764,789814,4952201,53529,21816395,193121,50071,326280,9662,2566,1561,153966,1086
212,2020-08-07,56,66432950,890426,4898672,60823,21623274,263766,51327,324786,9698,2628,1549,152880,1323
213,2020-08-06,56,65542524,848687,4837849,54048,21359508,267211,53219,316792,9996,2714,1534,151557,1241
214,2020-08-05,56,64693837,816864,4783801,52698,21092297,231712,53435,314177,9988,2721,1524,150316,1355
215,2020-08-04,56,63876973,806693,4731103,51198,20860585,237419,53436,312059,10207,2701,1493,148961,1241
216,2020-08-03,56,63070280,712084,4679905,42738,20623166,208433,53517,307636,10233,2664,1463,147720,516
217,2020-08-02,56,62358196,790665,4637167,53301,20414733,250686,54106,306078,10415,2645,1448,147204,496
218,2020-08-01,56,61567531,817592,4583866,60679,20164047,233394,54554,305247,10450,2698,1445,146708,1201
219,2020-07-31,56,60749939,988464,4523187,67827,19930653,98386,55721,302861,10473,2701,1437,145507,1328
220,2020-07-30,56,59761475,887682,4455360,68961,19832267,261819,56571,300329,10519,2762,1415,144179,1248
221,2020-07-29,56,58873793,908717,4386399,64143,19570448,286097,57422,297038,10535,2771,1400,142931,1503
222,2020-07-28,56,57965076,842374,4322256,58457,19284351,235635,57185,294178,10463,2748,1372,141428,1111
223,2020-07-27,56,57122702,768987,4263799,54479,19048716,241474,58987,290110,10328,2723,1356,140317,1066
224,2020-07-26,56,56353715,859179,4209320,60768,18807242,290147,58731,288479,10353,2723,1336,139251,561
225,2020-07-25,56,55494536,882389,4148552,64845,18517095,281095,59382,287099,10380,2729,1300,138690,1014
226,2020-07-24,56,54612147,1007671,4083707,75061,18236000,313787,59800,285279,10389,2709,1297,137676,1175
227,2020-07-23,56,53604476,929251,4008646,71436,17922213,310508,59860,282216,10423,2467,1280,136501,1070
228,2020-07-22,56,52675225,901870,3937210,69422,17611705,263283,59758,279843,10460,2444,1258,135431,1149
229,2020-07-21,56,51773355,833566,3867788,62920,17348422,240960,59476,277605,6717,2414,1242,134282,1041
230,2020-07-20,56,50939789,737209,3804868,56663,17107462,246497,58518,275054,6551,2403,1223,133241,376
231,2020-07-19,56,50202580,789513,3748205,64230,16860965,266177,58052,273491,6384,2362,1216,132865,527
232,2020-07-18,56,49413067,869668,3683975,64750,16594788,214410,57822,272603,6397,2343,1211,132338,876
233,2020-07-17,56,48543399,943532,3619225,76524,16380378,277945,57871,270611,6451,2352,1200,131462,939
234,2020-07-16,56,47599867,948000,3542701,70489,16102433,286947,57602,268126,6349,2314,1175,130523,941
235,2020-07-15,56,46651867,913964,3472212,69373,15815486,268202,56340,265916,6328,2322,1166,129582,863
236,2020-07-14,56,45737903,835205,3402839,58609,15547284,259542,55678,263528,6238,2263,1154,128719,741
237,2020-07-13,56,44902698,764696,3344230,57160,15287742,225250,54118,261282,6063,2254,1142,127978,329
238,2020-07-12,56,44138002,796940,3287070,61605,15062492,263609,52860,260162,5930,2182,1136,127649,472
239,2020-07-11,56,43341062,836027,3225465,62569,14798883,264909,51982,259268,5939,2169,1128,127177,755
240,2020-07-10,56,42505035,912598,3162896,67111,14533974,288642,51724,254180,5899,2192,1118,126422,839
241,2020-07-09,56,41592437,846616,3095785,59062,14245332,283969,44051,251984,5843,2129,1138,125583,863
242,2020-07-08,56,40745821,780578,3036723,62813,13961363,211173,43207,250323,5872,2167,1103,124720,819
243,2020-07-07,56,39965243,742033,2973910,50990,13750190,208560,41949,248433,5838,2102,1084,123901,905
244,2020-07-06,56,39223210,650829,2922920,40925,13541630,171559,39960,246457,5678,2104,1070,122996,237
245,2020-07-05,56,38572381,620599,2881995,45334,13370071,211440,38872,245695,5653,2080,1064,122759,209
246,2020-07-04,56,37951782,690846,2836661,54881,13158631,211195,38281,245113,5633,1982,1063,122550,296
247,2020-07-03,56,37260936,796182,2781780,54199,12947436,247534,37927,244241,5597,2049,1059,122254,603
248,2020-07-02,56,36464754,774335,2727581,53511,12699902,228663,37646,242883,5636,2104,1041,121651,699
249,2020-07-01,56,35690419,729493,2674070,51046,12471239,224206,36526,241186,5492,2099,1027,120952,698
250,2020-06-30,56,34960926,710726,2623024,47010,12247033,225256,35337,239757,5426,2044,1008,120254,579
251,2020-06-29,56,34250200,661374,2576014,39398,12021777,246910,33742,238284,5389,2021,990,119675,336
252,2020-06-28,56,33588826,613978,2536616,41745,11774867,227957,32575,237553,5252,2077,983,119339,273
253,2020-06-27,56,32974848,721135,2494871,43058,11546910,215921,32566,237006,5314,2159,977,119066,508
254,2020-06-26,56,32253713,793454,2451813,44340,11330989,220349,31850,235948,5290,2069,966,118558,618
255,2020-06-25,56,31460259,715570,2407473,39707,11110640,247894,31922,234406,5319,2214,951,117940,648
256,2020-06-24,56,30744689,562962,2367766,39117,10862746,184637,31270,233110,5292,2247,934,117292,704
257,2020-06-23,56,30181727,670015,2328649,33447,10678109,171427,30355,231864,5392,2292,918,116588,724
258,2020-06-22,56,29511712,499163,2295202,26829,10506682,166595,28963,230593,5325,2301,909,115864,288
259,2020-06-21,56,29012549,505598,2268373,29188,10340087,172865,28325,229769,5195,2321,904,115576,293
260,2020-06-20,56,28506951,611463,2239185,32236,10167222,198745,28084,229250,5229,2380,888,115283,615
261,2020-06-19,56,27895488,663567,2206949,30865,9968477,234737,28693,228551,5337,2433,884,114668,652
262,2020-06-18,56,27231921,556712,2176084,27042,9733740,185993,28538,226973,5472,2518,869,114016,682
263,2020-06-17,56,26675209,561448,2149042,24153,9547747,193666,28647,225865,5608,2584,857,113334,780
264,2020-06-16,56,26113761,504724,2124889,22838,9354081,180528,28370,224788,5570,2591,845,112554,720
265,2020-06-15,56,25609037,448011,2102051,18255,9173553,167343,28034,223604,5700,2636,835,111834,385
266,2020-06-14,56,25161026,477533,2083796,21658,9006210,169214,28020,222940,5749,2716,834,111449,355
267,2020-06-13,56,24683493,544608,2062138,25453,8836996,197530,28578,222330,5883,2726,830,111094,694
268,2020-06-12,56,24138885,623384,2036685,23141,8639466,228304,29306,221376,6009,2738,814,110400,766
269,2020-06-11,56,23515501,484979,2013544,21991,8411162,149629,29850,220000,6075,2885,792,109634,896
270,2020-06-10,56,23030522,482620,1991553,20880,8261533,168836,30961,218474,6256,3022,780,108738,893
271,2020-06-09,56,22547902,454850,1970673,16916,8092697,155350,31179,217235,6453,3088,771,107845,886
272,2020-06-08,56,22093052,405793,1953757,16923,7937347,132298,31105,215956,6398,3238,762,106959,675
273,2020-06-07,56,21687259,434862,1936834,19056,7805049,188348,31490,214885,6501,3298,753,106284,447
274,2020-06-06,56,21252397,557957,1917778,22746,7616701,224192,31994,214230,6762,3476,750,105837,714
275,2020-06-05,56,20694440,624244,1895032,23050,7392509,233592,32502,213241,6921,3520,740,105123,835
276,2020-06-04,56,20070196,498869,1871982,20477,7158917,180430,32802,211723,7044,3662,723,104288,883
277,2020-06-03,56,19571327,504449,1851505,20182,6978487,185773,33227,214579,7229,3754,717,103405,975
278,2020-06-02,56,19066878,449048,1831323,19879,6792714,161590,33956,212434,7410,3854,710,102430,971
279,2020-06-01,56,18617830,419427,1811444,20101,6631124,158114,34325,210699,7592,3950,704,101459,679
280,2020-05-31,56,18198403,430493,1791343,21641,6473010,147185,34925,207837,7625,3669,704,100780,655
281,2020-05-30,56,17767910,457174,1769702,23596,6325825,167649,35759,206942,7960,4008,698,100125,923
282,2020-05-29,56,17310736,534228,1746106,23618,6158176,196292,36942,205521,8170,4028,689,99202,1174
283,2020-05-28,56,16776508,493996,1722488,22799,5961884,188257,38000,203950,8392,4079,676,98028,1235
284,2020-05-27,56,16282512,416554,1699689,19172,5773627,151062,38300,202356,8552,4223,666,96793,1335
285,2020-05-26,56,15865958,315330,1680517,16690,5622565,112350,37751,200795,8580,4221,650,95458,665
286,2020-05-25,56,15550628,408047,1663827,18555,5510215,167919,37703,183508,8467,4232,642,94793,556
287,2020-05-24,56,15142581,389319,1645272,19062,5342296,128061,37742,182610,8491,4380,639,94237,688
288,2020-05-23,56,14753262,444574,1626210,22561,5214235,118220,38625,181582,8739,4621,638,93549,1040
289,2020-05-22,56,14308688,453783,1603649,24115,5096015,172853,40008,180197,9042,4714,633,92509,1290
290,2020-05-21,56,13854905,508832,1579534,26831,4923162,228097,41359,176248,9092,4871,616,91219,1380
291,2020-05-20,56,13346073,450292,1552703,21293,4695065,167279,41856,171701,9522,4907,613,89839,1397
292,2020-05-19,56,12895781,420506,1531410,20687,4527786,165975,42023,169945,9598,5032,606,88442,1317
293,2020-05-18,56,12475275,349995,1510723,20597,4361811,127310,41940,168397,9748,5260,602,87125,854
294,2020-05-17,56,12125280,351153,1490126,20436,4234501,140015,42019,167265,9945,5467,593,86271,873
295,2020-05-16,56,11774127,392591,1469690,23743,4094486,130077,43515,166131,10276,5532,592,85398,1237
296,2020-05-15,56,11381536,406415,1445947,25490,3964409,123836,44553,164335,10476,5744,589,84161,1538
297,2020-05-14,56,10975121,391455,1420457,26773,3840573,137271,45923,163021,10655,5940,582,82623,1853
298,2020-05-13,56,10583666,345138,1393684,21500,3703302,116695,46921,159861,10991,6164,572,80770,1730
299,2020-05-12,56,10238528,339232,1372184,22442,3586607,109273,47343,158075,11241,6350,559,79040,1509
300,2020-05-11,56,9899296,374214,1349742,18140,3477334,207145,46550,156589,11153,6349,551,77531,891
301,2020-05-10,56,9525082,275936,1331602,21116,3270189,93962,46735,155215,11382,6392,547,76640,1035
302,2020-05-09,56,9249146,323737,1310486,25320,3176227,111242,48581,154172,11504,6550,543,75605,1456
303,2020-05-08,56,8925409,312586,1285166,27197,3064985,104963,49770,152492,11786,6793,531,74149,1784
304,2020-05-07,56,8612823,330008,1257969,27229,2960022,93943,51445,146262,12135,7067,529,72365,2748
305,2020-05-06,56,8282815,284216,1230740,25256,2866079,89076,52609,142071,12480,4758,449,69617,1918
306,2020-05-05,56,7998599,278449,1205484,22344,2777003,104879,53164,139917,12620,4810,439,67699,2490
307,2020-05-04,56,7720150,236185,1183140,22195,2672124,89245,52375,137985,12701,4852,430,65209,1028
308,2020-05-03,56,7483965,240968,1160945,25789,2582879,95643,52623,136220,12724,4762,425,64181,1248
309,2020-05-02,56,7242997,272239,1135156,29196,2487236,79105,54008,134365,12904,4846,375,62933,1527
310,2020-05-01,56,6970758,285823,1105960,32808,2408131,104558,54897,132370,12861,4712,376,61406,1809
311,2020-04-30,56,6684935,275561,1073152,30046,2303573,81678,54905,122496,13246,4708,373,59597,2160
312,2020-04-29,56,6409374,256119,1043106,26176,2221895,87461,56009,120114,13550,4803,365,57437,2676
313,2020-04-28,56,6153255,216665,1016930,25234,2134434,69320,56034,117168,13562,4760,252,54761,2078
314,2020-04-27,56,5936590,194539,991696,22407,2065114,62965,56183,115154,13812,4867,252,52683,1290
315,2020-04-26,56,5742051,205794,969289,27314,2002149,75323,56161,112909,14093,5119,227,51393,1219
316,2020-04-25,56,5536257,276303,941975,35734,1926826,104803,57340,110694,14411,5266,227,50174,1629
317,2020-04-24,56,5259954,245379,906241,34226,1822023,83279,57370,108397,14623,5194,227,48545,1974
318,2020-04-23,56,5014575,218113,872015,31953,1738744,64842,59214,106009,14737,5463,227,46571,1809
319,2020-04-22,56,4796462,334406,840062,29176,1673902,-214153,59207,103189,15016,5474,227,44762,2085
320,2020-04-21,56,4462056,166966,810886,26039,1888055,63914,59779,100103,14945,5514,214,42677,2479
321,2020-04-20,56,4295090,144633,784847,25967,1824141,70851,56721,97367,14463,5569,214,40198,1816
322,2020-04-19,56,4150457,148926,758880,27523,1753290,69050,56497,95058,14385,5603,214,38382,1763
323,2020-04-18,56,4001531,171880,731357,27950,1684240,70405,57799,92881,14764,5733,205,36619,1895
324,2020-04-17,56,3829651,172149,703407,31984,1613835,69199,58892,89441,14910,6098,187,34724,2118
325,2020-04-16,56,3657502,183046,671423,31527,1544636,79739,59496,86075,15136,5940,176,32606,2194
326,2020-04-15,56,3474456,149278,639896,29983,1464897,57904,59930,82903,14639,6033,223,30412,2545
327,2020-04-14,56,3325178,160255,609913,25912,1406993,73584,59610,79401,14047,5981,221,27867,2352
328,2020-04-13,56,3164923,125624,584001,24252,1333409,58602,56211,76229,13605,6170,208,25515,1633
329,2020-04-12,56,3039299,140609,559749,28127,1274807,67738,55294,71738,13597,5962,158,23882,1700
330,2020-04-11,56,2898690,158723,531622,31282,1207069,62940,55563,68416,13293,5986,152,22182,2075
331,2020-04-10,56,2739967,155676,500340,33732,1144129,56160,53167,64681,12693,5937,39,20107,2083
332,2020-04-09,56,2584291,170558,466608,34961,1087969,82730,51323,59770,12445,5798,39,18024,2051
333,2020-04-08,56,2413733,165594,431647,30996,1005239,68030,45359,55941,10276,4142,39,15973,2003
334,2020-04-07,56,2248139,170116,400651,30430,937209,78959,43849,51554,9978,4047,43,13970,2038
335,2020-04-06,56,2078023,137710,370221,28262,858250,69818,36159,48623,7079,2961,39,11932,1314
336,2020-04-05,56,1940313,129555,341959,25877,788432,33778,32180,45661,5811,650,39,10618,1342
337,2020-04-04,56,1810758,231172,316082,33102,754654,143471,30456,41708,5500,656,39,9276,1478
338,2020-04-03,56,1579586,142351,282980,31838,611183,54867,25723,36715,4928,623,39,7798,1287
339,2020-04-02,56,1437235,130666,251142,28071,556316,51001,22995,32094,4513,576,32,6511,1175
340,2020-04-01,56,1306569,123021,223071,26257,505315,44838,20906,27930,3937,561,32,5336,1006
341,2020-03-31,56,1183548,114567,196814,24947,460477,44084,18155,23782,3487,506,0,4330,908
342,2020-03-30,56,1068981,100592,171867,21187,416393,50637,15892,19787,3087,449,0,3422,585
343,2020-03-29,56,968389,87451,150680,19681,365756,42230,14055,17314,2456,433,0,2837,505
344,2020-03-28,56,880938,111615,130999,19780,323526,67866,12393,14517,2174,390,0,2332,551
345,2020-03-27,56,769323,101375,111219,19223,255660,45279,10887,12111,1792,293,0,1781,410
346,2020-03-26,56,667948,106554,91996,17604,210381,42610,7805,9522,1299,258,0,1371,313
347,2020-03-25,56,561394,82501,74392,12636,167771,33269,5140,7073,0,167,0,1058,241
348,2020-03-24,56,478893,86611,61756,10883,134502,33117,3938,5119,0,0,0,817,236
349,2020-03-23,56,392282,57311,50873,11182,101385,21323,2812,3933,0,0,0,581,101
350,2020-03-22,56,334971,52169,39691,9229,80062,12427,2173,2983,0,0,0,480,145
351,2020-03-21,56,282802,52201,30462,6940,67635,16003,1492,2021,0,0,0,335,62
352,2020-03-20,56,230601,49507,23522,6095,51632,11704,1042,172,0,0,0,273,70
353,2020-03-19,56,181094,39211,17427,4611,39928,8359,617,128,0,0,0,203,51
354,2020-03-18,56,141883,32127,12816,3352,31569,5452,416,94,0,0,0,152,28
355,2020-03-17,56,109756,26768,9464,2087,26117,5027,325,76,0,0,0,124,22
356,2020-03-16,56,82988,22954,7377,1713,21090,11462,0,43,0,0,0,102,22
357,2020-03-15,51,60034,10202,5664,1288,9628,2571,0,37,0,0,0,80,15
358,2020-03-14,51,49832,9816,4376,1026,7057,1616,0,27,0,0,0,65,8
359,2020-03-13,51,40016,9733,3350,845,5441,1149,0,23,0,0,0,57,5
360,2020-03-12,51,30283,6683,2505,682,4292,991,0,17,0,0,0,52,9
361,2020-03-11,51,23600,4447,1823,418,3301,1021,0,12,0,0,0,43,6
362,2020-03-10,51,19153,3322,1405,385,2280,494,0,9,0,0,0,37,2
363,2020-03-09,51,15831,2055,1020,276,1786,442,0,9,0,0,0,35,4
364,2020-03-08,51,13776,1130,744,170,1344,196,0,6,0,0,0,31,4
365,2020-03-07,51,12646,931,574,137,1148,274,0,6,0,0,0,27,1
366,2020-03-06,40,11715,2177,437,132,874,161,0,6,0,0,0,26,6
367,2020-03-05,32,9538,1515,305,65,713,132,0,5,0,0,0,20,4
368,2020-03-04,26,8023,890,240,126,581,576,0,4,0,0,0,16,2
369,2020-03-03,16,7133,279,114,42,5,2,0,0,0,0,0,14,3
